<s:Envelope xmlns:s="http://www.w3.org/2003/05/soap-envelope" xmlns:a="http://www.w3.org/2005/08/addressing">
   <s:Header>
      <a:Action s:mustUnderstand="1">https://services.ird.govt.nz/GWS/Intermediation/Intermediation/RetrieveClientListResponse</a:Action>
   </s:Header>
   <s:Body>
      <RetrieveClientListResponse xmlns="https://services.ird.govt.nz/GWS/Intermediation/">
         <RetrieveClientListResult xmlns:b="https://services.ird.govt.nz/GWS/Intermediation/:types/RetrieveClientListResponse" xmlns:i="http://www.w3.org/2001/XMLSchema-instance">
            <b:RetrieveClientListResponseWrapper>
               <retrieveClientListResponse xmlns="urn:www.ird.govt.nz/GWS:types/Intermediation.v1">
                  <statusMessage xmlns="urn:www.ird.govt.nz/GWS:types/Common.v1">
                     <statusCode>0</statusCode>
                     <errorMessage/>
                  </statusMessage>
                  <clientList>
                     <client>
                        <clientIRD>123123123</clientIRD>
                        <clientAccountType>PSO</clientAccountType>
                     </client>
                     <client>
                        <clientIRD>123123123</clientIRD>
                        <clientAccountType>GST</clientAccountType>
                     </client>
                  </clientList>
               </retrieveClientListResponse>
            </b:RetrieveClientListResponseWrapper>
         </RetrieveClientListResult>
      </RetrieveClientListResponse>
   </s:Body>
</s:Envelope>